,link,Longitude,Latitude,complete_geojson_geometry,footprint,footprint-in-wkt,order-id,title,link_alternative,link_icon,summary,ondemand,s2datatakeid,ingestiondate,beginposition,endposition,orbitnumber,relativeorbitnumber,cloudcoverpercentage,highprobacloudspercentage,mediumprobacloudspercentage,snowicepercentage,vegetationpercentage,waterpercentage,notvegetatedpercentage,unclassifiedpercentage,filename,format,identifier,instrumentshortname,instrumentname,platformidentifier,platformserialidentifier,processingbaseline,processinglevel,level1cpdiidentifier, producttype,platformname,size,uuid
0,https://scihub.copernicus.eu/dhus/odata/v1/Products('e6ff8261-173e-4089-b679-df47f7b13257')/$value,90.0148,24.5912,"{'type': 'FeatureCollection', 'features': [{'type': 'Feature', 'properties': {}, 'geometry': {'type': 'Polygon', 'coordinates': [[[89.0148, 23.5912], [91.0148, 23.5912], [91.0148, 25.5912], [89.0148, 25.5912], [89.0148, 23.5912]]]}}]}","[[[89.998162, 26.188591], [91.096137, 26.207324], [91.111848, 25.216351], [90.022907, 25.198426], [89.998162, 26.188591]]]","POLYGON ((89.99816220678797 26.188591003598358,91.09613682348666 26.207323832821213,91.11184759407601 25.216351118358443,90.02290675623108 25.198425816101338,89.99816220678797 26.188591003598358))",e6ff8261-173e-4089-b679-df47f7b13257,S2B_MSIL1C_20170815T042659_N0205_R133_T46RBP_20170815T043153,https://scihub.copernicus.eu/dhus/odata/v1/Products('e6ff8261-173e-4089-b679-df47f7b13257')/,https://scihub.copernicus.eu/dhus/odata/v1/Products('e6ff8261-173e-4089-b679-df47f7b13257')/Products('Quicklook')/$value,"Date: 2017-08-15T04:26:59.027Z, Instrument: MSI, Satellite: Sentinel-2, Size: 643.10 MB",false,GS2B_20170815T042659_002304_N02.05,2017-09-01 06:18:40.328,2017-08-15 04:26:59.027,2017-08-15 04:26:59.027,2304,133,98.6236,none,none,none,none,none,none,none,S2B_MSIL1C_20170815T042659_N0205_R133_T46RBP_20170815T043153.SAFE,SAFE,S2B_MSIL1C_20170815T042659_N0205_R133_T46RBP_20170815T043153,MSI,Multi-Spectral Instrument,2015-000A,Sentinel-2B,02.05,Level-1C,S2B_OPER_MSI_L1C_TL_SGS__20170815T080801_A002304_T46RBP_N02.05,S2MSI1C,Sentinel-2,643.10 MB,e6ff8261-173e-4089-b679-df47f7b13257
1,https://scihub.copernicus.eu/dhus/odata/v1/Products('4f11a85a-8187-47fc-b08e-0559eff3cdad')/$value,90.0148,24.5912,"{'type': 'FeatureCollection', 'features': [{'type': 'Feature', 'properties': {}, 'geometry': {'type': 'Polygon', 'coordinates': [[[89.0148, 23.5912], [91.0148, 23.5912], [91.0148, 25.5912], [89.0148, 25.5912], [89.0148, 23.5912]]]}}]}","[[[89.666994, 25.203409], [89.696247, 25.324737], [89.732039, 25.472934], [89.767936, 25.621136], [89.803935, 25.769354], [89.83997, 25.917561], [89.876048, 26.065756], [89.90631, 26.189947], [90.099179, 26.186526], [90.073635, 25.196449], [89.666994, 25.203409]]]","POLYGON ((89.66699378763411 25.20340897313742,89.6962467605863 25.32473692034188,89.73203932002721 25.472934048261088,89.76793579272444 25.6211362122404,89.80393468588012 25.769354251293816,89.83996991391933 25.9175610999482,89.87604819520881 26.065756305894062,89.90631012718111 26.18994677539644,90.09917877925396 26.186525525260194,90.07363488022341 25.196449361019003,89.66699378763411 25.20340897313742))",4f11a85a-8187-47fc-b08e-0559eff3cdad,S2B_MSIL1C_20170815T042659_N0205_R133_T45RYJ_20170815T043153,https://scihub.copernicus.eu/dhus/odata/v1/Products('4f11a85a-8187-47fc-b08e-0559eff3cdad')/,https://scihub.copernicus.eu/dhus/odata/v1/Products('4f11a85a-8187-47fc-b08e-0559eff3cdad')/Products('Quicklook')/$value,"Date: 2017-08-15T04:26:59.027Z, Instrument: MSI, Satellite: Sentinel-2, Size: 196.08 MB",false,GS2B_20170815T042659_002304_N02.05,2017-09-01 06:18:25.273,2017-08-15 04:26:59.027,2017-08-15 04:26:59.027,2304,133,90.1271,none,none,none,none,none,none,none,S2B_MSIL1C_20170815T042659_N0205_R133_T45RYJ_20170815T043153.SAFE,SAFE,S2B_MSIL1C_20170815T042659_N0205_R133_T45RYJ_20170815T043153,MSI,Multi-Spectral Instrument,2015-000A,Sentinel-2B,02.05,Level-1C,S2B_OPER_MSI_L1C_TL_SGS__20170815T080801_A002304_T45RYJ_N02.05,S2MSI1C,Sentinel-2,196.08 MB,4f11a85a-8187-47fc-b08e-0559eff3cdad
2,https://scihub.copernicus.eu/dhus/odata/v1/Products('27a1b635-2fac-4032-af1c-678a21c42c29')/$value,90.0148,24.5912,"{'type': 'FeatureCollection', 'features': [{'type': 'Feature', 'properties': {}, 'geometry': {'type': 'Polygon', 'coordinates': [[[89.0148, 23.5912], [91.0148, 23.5912], [91.0148, 25.5912], [89.0148, 25.5912], [89.0148, 23.5912]]]}}]}","[[[91.015192, 23.624097], [91.00855, 23.625606], [91.008454, 23.625224], [91.008438, 23.625228], [91.007201, 23.620305], [90.767077, 23.672159], [90.767838, 23.675214], [90.767807, 23.67522], [90.768115, 23.676458], [90.76792, 23.676498], [90.768109, 23.677256], [90.554118, 23.721196], [90.552951, 23.716487], [90.323948, 23.761732], [90.310824, 23.764333], [90.311876, 23.768616], [90.311493, 23.768687], [90.311728, 23.769641], [90.094019, 23.80957], [90.092926, 23.805091], [89.944787, 23.831638], [89.95732, 24.384543], [91.037947, 24.359576], [91.015192, 23.624097]]]","POLYGON ((91.01519170062099 23.624096992312417,91.00855009237996 23.625606076701665,91.00845415117308 23.625223775652255,91.00843751887693 23.62522755707865,91.00720104326538 23.62030475277123,90.76707674634649 23.672158633663383,90.7678379794384 23.675214090139672,90.76780691187015 23.675220485221622,90.76811532518047 23.6764578987237,90.76791966796723 23.676498082775897,90.7681087547232 23.6772564610988,90.55411752258166 23.72119648531051,90.55295121558264 23.716486686139024,90.32394763224113 23.761732463428864,90.31082431607292 23.76433344440524,90.31187646205328 23.76861637920384,90.31149300900456 23.768686955261344,90.3117275256117 23.769641256043244,90.09401933019366 23.80957025678034,90.09292593508512 23.80509139002767,89.94478651771706 23.831637701967914,89.95731952783115 24.384542793113983,91.03794662097916 24.359575814732658,91.01519170062099 23.624096992312417))",27a1b635-2fac-4032-af1c-678a21c42c29,S2B_MSIL1C_20170815T042659_N0205_R133_T45QZG_20170815T043153,https://scihub.copernicus.eu/dhus/odata/v1/Products('27a1b635-2fac-4032-af1c-678a21c42c29')/,https://scihub.copernicus.eu/dhus/odata/v1/Products('27a1b635-2fac-4032-af1c-678a21c42c29')/Products('Quicklook')/$value,"Date: 2017-08-15T04:26:59.027Z, Instrument: MSI, Satellite: Sentinel-2, Size: 419.79 MB",false,GS2B_20170815T042659_002304_N02.05,2017-09-01 06:10:52.678,2017-08-15 04:26:59.027,2017-08-15 04:26:59.027,2304,133,96.6168,none,none,none,none,none,none,none,S2B_MSIL1C_20170815T042659_N0205_R133_T45QZG_20170815T043153.SAFE,SAFE,S2B_MSIL1C_20170815T042659_N0205_R133_T45QZG_20170815T043153,MSI,Multi-Spectral Instrument,2015-000A,Sentinel-2B,02.05,Level-1C,S2B_OPER_MSI_L1C_TL_SGS__20170815T080801_A002304_T45QZG_N02.05,S2MSI1C,Sentinel-2,419.79 MB,27a1b635-2fac-4032-af1c-678a21c42c29
3,https://scihub.copernicus.eu/dhus/odata/v1/Products('36d19ca4-5fbe-4e3f-b10a-ef141b6f7f5c')/$value,90.0148,24.5912,"{'type': 'FeatureCollection', 'features': [{'type': 'Feature', 'properties': {}, 'geometry': {'type': 'Polygon', 'coordinates': [[[89.0148, 23.5912], [91.0148, 23.5912], [91.0148, 25.5912], [89.0148, 25.5912], [89.0148, 23.5912]]]}}]}","[[[89.236926, 23.404943], [89.249307, 23.457149], [89.284506, 23.605375], [89.319736, 23.753617], [89.355025, 23.901906], [89.390392, 24.050172], [89.425636, 24.197872], [89.665607, 24.158266], [89.665768, 24.158934], [89.66671, 24.158779], [89.666857, 24.15939], [89.667412, 24.1593], [89.667609, 24.16012], [89.668202, 24.160023], [89.668744, 24.162271], [89.921273, 24.120326], [89.920381, 24.116645], [89.920636, 24.116598], [89.920606, 24.116472], [90.046862, 24.093495], [90.03045, 23.392275], [89.236926, 23.404943]]]","POLYGON ((89.23692646220486 23.4049433633446,89.24930678727556 23.457148699338013,89.28450589162215 23.60537505996644,89.31973637916106 23.7536173780232,89.35502522400701 23.901906110225127,89.3903915281559 24.05017212459468,89.42563647834102 24.1978721169148,89.66560725622462 24.15826632187096,89.66576792021121 24.158933747927055,89.66670975259758 24.158778673134265,89.66685708983705 24.159390374328915,89.66741159612803 24.15929979921869,89.66760864487193 24.160119614437797,89.66820221585962 24.16002327037147,89.66874351906051 24.16227121708652,89.921272944369 24.120325758089106,89.92038054628176 24.116644947723238,89.92063640070593 24.116598293755693,89.92060573558102 24.11647198713157,90.04686174821796 24.093495385744255,90.03044962220908 23.392275172488286,89.23692646220486 23.4049433633446))",36d19ca4-5fbe-4e3f-b10a-ef141b6f7f5c,S2B_MSIL1C_20170815T042659_N0205_R133_T45QYG_20170815T044148,https://scihub.copernicus.eu/dhus/odata/v1/Products('36d19ca4-5fbe-4e3f-b10a-ef141b6f7f5c')/,https://scihub.copernicus.eu/dhus/odata/v1/Products('36d19ca4-5fbe-4e3f-b10a-ef141b6f7f5c')/Products('Quicklook')/$value,"Date: 2017-08-15T04:26:59.027Z, Instrument: MSI, Satellite: Sentinel-2, Size: 333.61 MB",false,GS2B_20170815T042659_002304_N02.05,2017-09-01 06:10:31.501,2017-08-15 04:26:59.027,2017-08-15 04:26:59.027,2304,133,92.7884,none,none,none,none,none,none,none,S2B_MSIL1C_20170815T042659_N0205_R133_T45QYG_20170815T044148.SAFE,SAFE,S2B_MSIL1C_20170815T042659_N0205_R133_T45QYG_20170815T044148,MSI,Multi-Spectral Instrument,2015-000A,Sentinel-2B,02.05,Level-1C,S2B_OPER_MSI_L1C_TL_MTI__20170815T080737_A002304_T45QYG_N02.05,S2MSI1C,Sentinel-2,333.61 MB,36d19ca4-5fbe-4e3f-b10a-ef141b6f7f5c
4,https://scihub.copernicus.eu/dhus/odata/v1/Products('11c91b09-2007-4a20-b7dc-257a7990ec6b')/$value,90.0148,24.5912,"{'type': 'FeatureCollection', 'features': [{'type': 'Feature', 'properties': {}, 'geometry': {'type': 'Polygon', 'coordinates': [[[89.0148, 23.5912], [91.0148, 23.5912], [91.0148, 25.5912], [89.0148, 25.5912], [89.0148, 23.5912]]]}}]}","[[[89.451074, 24.304357], [89.482486, 24.435687], [89.518027, 24.583928], [89.553613, 24.7321], [89.589209, 24.880242], [89.624827, 25.02838], [89.660519, 25.176554], [89.688185, 25.291299], [90.075856, 25.284643], [90.051513, 24.294425], [89.451074, 24.304357]]]","POLYGON ((89.45107427355526 24.304357194291644,89.48248625247342 24.435687443193327,89.51802675048282 24.58392816695131,89.55361339695617 24.732100156987777,89.58920918988076 24.88024173870369,89.62482692764216 25.028379704761456,89.66051898893708 25.17655447066492,89.6881847604191 25.29129943238988,90.07585601103352 25.284642857885515,90.05151312610766 24.294424822313125,89.45107427355526 24.304357194291644))",11c91b09-2007-4a20-b7dc-257a7990ec6b,S2B_MSIL1C_20170815T042659_N0205_R133_T45RYH_20170815T043153,https://scihub.copernicus.eu/dhus/odata/v1/Products('11c91b09-2007-4a20-b7dc-257a7990ec6b')/,https://scihub.copernicus.eu/dhus/odata/v1/Products('11c91b09-2007-4a20-b7dc-257a7990ec6b')/Products('Quicklook')/$value,"Date: 2017-08-15T04:26:59.027Z, Instrument: MSI, Satellite: Sentinel-2, Size: 314.09 MB",false,GS2B_20170815T042659_002304_N02.05,2017-09-01 05:58:49.620,2017-08-15 04:26:59.027,2017-08-15 04:26:59.027,2304,133,67.2227,none,none,none,none,none,none,none,S2B_MSIL1C_20170815T042659_N0205_R133_T45RYH_20170815T043153.SAFE,SAFE,S2B_MSIL1C_20170815T042659_N0205_R133_T45RYH_20170815T043153,MSI,Multi-Spectral Instrument,2015-000A,Sentinel-2B,02.05,Level-1C,S2B_OPER_MSI_L1C_TL_SGS__20170815T080801_A002304_T45RYH_N02.05,S2MSI1C,Sentinel-2,314.09 MB,11c91b09-2007-4a20-b7dc-257a7990ec6b
5,https://scihub.copernicus.eu/dhus/odata/v1/Products('0a2a2c6e-1ac7-47b9-974e-453c0c53dc92')/$value,90.0148,24.5912,"{'type': 'FeatureCollection', 'features': [{'type': 'Feature', 'properties': {}, 'geometry': {'type': 'Polygon', 'coordinates': [[[89.0148, 23.5912], [91.0148, 23.5912], [91.0148, 25.5912], [89.0148, 25.5912], [89.0148, 23.5912]]]}}]}","[[[90.048893, 24.093126], [90.142323, 24.076123], [90.142491, 24.07681], [90.142691, 24.076774], [90.142706, 24.076834], [90.143053, 24.076771], [90.143175, 24.077268], [90.143452, 24.077218], [90.143609, 24.077863], [90.143994, 24.077794], [90.144633, 24.080406], [90.389787, 24.034841], [90.388694, 24.030401], [90.605092, 23.987367], [90.605106, 23.987424], [90.605186, 23.987408], [90.605325, 23.987966], [90.605422, 23.987946], [90.605445, 23.988038], [90.605784, 23.987971], [90.605927, 23.988548], [90.605952, 23.988543], [90.606133, 23.989274], [90.606266, 23.989248], [90.606918, 23.991874], [90.848579, 23.942153], [90.847358, 23.937265], [91.061857, 23.891068], [91.062001, 23.89164], [91.062267, 23.891583], [91.063303, 23.895695], [91.131653, 23.880262], [91.138408, 23.410579], [90.06474, 23.394093], [90.048893, 24.093126]]]","POLYGON ((90.04889296692207 24.093125736002275,90.14232290139101 24.076122962691915,90.14249095281345 24.07681027049019,90.14269107311792 24.076773913972797,90.14270576607684 24.076833985931657,90.14305311553778 24.07677088561491,90.14317474100419 24.07726808535117,90.14345155441374 24.07721802737213,90.14360908385596 24.07786331132904,90.14399378068802 24.077793975036705,90.14463264439905 24.08040598121179,90.38978679250383 24.03484060287525,90.38869379615856 24.030401125826412,90.60509175598595 23.987366710502684,90.60510585245304 23.98742358433312,90.6051860917852 23.98740764211805,90.60532454168033 23.987965522220332,90.60542170886262 23.987946227220014,90.60544454523607 23.988038225208967,90.60578413696557 23.987970798887364,90.6059273295779 23.988547602118143,90.605951530775 23.98854280671339,90.60613281072837 23.9892744968778,90.60626598867681 23.98924813700712,90.60691771718554 23.991873746343888,90.84857906510739 23.94215341628156,90.84735813846976 23.937264698500396,91.06185687639164 23.89106818279459,91.06200062464237 23.89163995553891,91.0622671852506 23.89158255039844,91.0633025852901 23.895694608927663,91.13165268576032 23.880261741636073,91.13840761659193 23.410578896797865,90.06474044445335 23.394092946074444,90.04889296692207 24.093125736002275))",0a2a2c6e-1ac7-47b9-974e-453c0c53dc92,S2B_MSIL1C_20170815T042659_N0205_R133_T46QBM_20170815T044148,https://scihub.copernicus.eu/dhus/odata/v1/Products('0a2a2c6e-1ac7-47b9-974e-453c0c53dc92')/,https://scihub.copernicus.eu/dhus/odata/v1/Products('0a2a2c6e-1ac7-47b9-974e-453c0c53dc92')/Products('Quicklook')/$value,"Date: 2017-08-15T04:26:59.027Z, Instrument: MSI, Satellite: Sentinel-2, Size: 371.57 MB",false,GS2B_20170815T042659_002304_N02.05,2017-09-01 05:58:13.337,2017-08-15 04:26:59.027,2017-08-15 04:26:59.027,2304,133,96.219,none,none,none,none,none,none,none,S2B_MSIL1C_20170815T042659_N0205_R133_T46QBM_20170815T044148.SAFE,SAFE,S2B_MSIL1C_20170815T042659_N0205_R133_T46QBM_20170815T044148,MSI,Multi-Spectral Instrument,2015-000A,Sentinel-2B,02.05,Level-1C,S2B_OPER_MSI_L1C_TL_MTI__20170815T080737_A002304_T46QBM_N02.05,S2MSI1C,Sentinel-2,371.57 MB,0a2a2c6e-1ac7-47b9-974e-453c0c53dc92
6,https://scihub.copernicus.eu/dhus/odata/v1/Products('5b39223e-7f88-48d1-b917-808b742ca083')/$value,90.0148,24.5912,"{'type': 'FeatureCollection', 'features': [{'type': 'Feature', 'properties': {}, 'geometry': {'type': 'Polygon', 'coordinates': [[[89.0148, 23.5912], [91.0148, 23.5912], [91.0148, 25.5912], [89.0148, 25.5912], [89.0148, 23.5912]]]}}]}","[[[89.978848, 25.286635], [91.067296, 25.26062], [91.035153, 24.271464], [89.95527, 24.296329], [89.978848, 25.286635]]]","POLYGON ((89.97884808411479 25.286635203879666,91.06729624749919 25.26061964885274,91.0351526861378 24.271463827800577,89.95527015668813 24.29632905717324,89.97884808411479 25.286635203879666))",5b39223e-7f88-48d1-b917-808b742ca083,S2B_MSIL1C_20170815T042659_N0205_R133_T45RZH_20170815T043153,https://scihub.copernicus.eu/dhus/odata/v1/Products('5b39223e-7f88-48d1-b917-808b742ca083')/,https://scihub.copernicus.eu/dhus/odata/v1/Products('5b39223e-7f88-48d1-b917-808b742ca083')/Products('Quicklook')/$value,"Date: 2017-08-15T04:26:59.027Z, Instrument: MSI, Satellite: Sentinel-2, Size: 600.67 MB",false,GS2B_20170815T042659_002304_N02.05,2017-09-01 05:38:36.427,2017-08-15 04:26:59.027,2017-08-15 04:26:59.027,2304,133,96.9565,none,none,none,none,none,none,none,S2B_MSIL1C_20170815T042659_N0205_R133_T45RZH_20170815T043153.SAFE,SAFE,S2B_MSIL1C_20170815T042659_N0205_R133_T45RZH_20170815T043153,MSI,Multi-Spectral Instrument,2015-000A,Sentinel-2B,02.05,Level-1C,S2B_OPER_MSI_L1C_TL_SGS__20170815T080801_A002304_T45RZH_N02.05,S2MSI1C,Sentinel-2,600.67 MB,5b39223e-7f88-48d1-b917-808b742ca083
7,https://scihub.copernicus.eu/dhus/odata/v1/Products('3e569d52-e851-407a-ba58-818326f0e84f')/$value,90.0148,24.5912,"{'type': 'FeatureCollection', 'features': [{'type': 'Feature', 'properties': {}, 'geometry': {'type': 'Polygon', 'coordinates': [[[89.0148, 23.5912], [91.0148, 23.5912], [91.0148, 25.5912], [89.0148, 25.5912], [89.0148, 23.5912]]]}}]}","[[[90.001438, 26.188599], [91.098092, 26.16152], [91.064363, 25.172521], [89.976697, 25.198434], [90.001438, 26.188599]]]","POLYGON ((90.0014380138957 26.188599350591417,91.09809176708205 26.16152007705826,91.06436340075935 25.172521432832493,89.97669674796845 25.198433803328545,90.0014380138957 26.188599350591417))",3e569d52-e851-407a-ba58-818326f0e84f,S2B_MSIL1C_20170815T042659_N0205_R133_T45RZJ_20170815T043153,https://scihub.copernicus.eu/dhus/odata/v1/Products('3e569d52-e851-407a-ba58-818326f0e84f')/,https://scihub.copernicus.eu/dhus/odata/v1/Products('3e569d52-e851-407a-ba58-818326f0e84f')/Products('Quicklook')/$value,"Date: 2017-08-15T04:26:59.027Z, Instrument: MSI, Satellite: Sentinel-2, Size: 645.18 MB",false,GS2B_20170815T042659_002304_N02.05,2017-09-01 05:38:30.493,2017-08-15 04:26:59.027,2017-08-15 04:26:59.027,2304,133,98.4463,none,none,none,none,none,none,none,S2B_MSIL1C_20170815T042659_N0205_R133_T45RZJ_20170815T043153.SAFE,SAFE,S2B_MSIL1C_20170815T042659_N0205_R133_T45RZJ_20170815T043153,MSI,Multi-Spectral Instrument,2015-000A,Sentinel-2B,02.05,Level-1C,S2B_OPER_MSI_L1C_TL_SGS__20170815T080801_A002304_T45RZJ_N02.05,S2MSI1C,Sentinel-2,645.18 MB,3e569d52-e851-407a-ba58-818326f0e84f
8,https://scihub.copernicus.eu/dhus/odata/v1/Products('b5cc0ec9-4853-40cb-82e7-2cf3d6ab29bf')/$value,90.0148,24.5912,"{'type': 'FeatureCollection', 'features': [{'type': 'Feature', 'properties': {}, 'geometry': {'type': 'Polygon', 'coordinates': [[[89.0148, 23.5912], [91.0148, 23.5912], [91.0148, 25.5912], [89.0148, 25.5912], [89.0148, 23.5912]]]}}]}","[[[89.951117, 24.110919], [90.142323, 24.076123], [90.142491, 24.07681], [90.142691, 24.076774], [90.142706, 24.076834], [90.143053, 24.076771], [90.143175, 24.077268], [90.143452, 24.077218], [90.143609, 24.077863], [90.143994, 24.077794], [90.144633, 24.080406], [90.389787, 24.034841], [90.388694, 24.030401], [90.605092, 23.987367], [90.605106, 23.987424], [90.605186, 23.987408], [90.605325, 23.987966], [90.605422, 23.987946], [90.605445, 23.988038], [90.605784, 23.987971], [90.605927, 23.988548], [90.605952, 23.988543], [90.606133, 23.989274], [90.606266, 23.989248], [90.606918, 23.991874], [90.848579, 23.942153], [90.847358, 23.937265], [91.023706, 23.899285], [91.007339, 23.370268], [89.934869, 23.3941], [89.951117, 24.110919]]]","POLYGON ((89.95111715255396 24.110919390855894,90.14232290139101 24.076122962691915,90.14249095281345 24.07681027049019,90.14269107311792 24.076773913972797,90.14270576607684 24.076833985931657,90.14305311553778 24.07677088561491,90.14317474100419 24.07726808535117,90.14345155441374 24.07721802737213,90.14360908385596 24.07786331132904,90.14399378068802 24.077793975036705,90.14463264439905 24.08040598121179,90.38978679250383 24.03484060287525,90.38869379615856 24.030401125826412,90.60509175598595 23.987366710502684,90.60510585245304 23.98742358433312,90.6051860917852 23.98740764211805,90.60532454168033 23.987965522220332,90.60542170886262 23.987946227220014,90.60544454523607 23.988038225208967,90.60578413696557 23.987970798887364,90.6059273295779 23.988547602118143,90.605951530775 23.98854280671339,90.60613281072837 23.9892744968778,90.60626598867681 23.98924813700712,90.60691771718554 23.991873746343888,90.84857906510739 23.94215341628156,90.84735813846976 23.937264698500396,91.02370571368779 23.8992847849253,91.00733850479334 23.370267968582922,89.9348686116029 23.394100292030853,89.95111715255396 24.110919390855894))",b5cc0ec9-4853-40cb-82e7-2cf3d6ab29bf,S2B_MSIL1C_20170815T042659_N0205_R133_T45QZG_20170815T044148,https://scihub.copernicus.eu/dhus/odata/v1/Products('b5cc0ec9-4853-40cb-82e7-2cf3d6ab29bf')/,https://scihub.copernicus.eu/dhus/odata/v1/Products('b5cc0ec9-4853-40cb-82e7-2cf3d6ab29bf')/Products('Quicklook')/$value,"Date: 2017-08-15T04:26:59.027Z, Instrument: MSI, Satellite: Sentinel-2, Size: 397.28 MB",false,GS2B_20170815T042659_002304_N02.05,2017-09-01 05:27:57.674,2017-08-15 04:26:59.027,2017-08-15 04:26:59.027,2304,133,95.9591,none,none,none,none,none,none,none,S2B_MSIL1C_20170815T042659_N0205_R133_T45QZG_20170815T044148.SAFE,SAFE,S2B_MSIL1C_20170815T042659_N0205_R133_T45QZG_20170815T044148,MSI,Multi-Spectral Instrument,2015-000A,Sentinel-2B,02.05,Level-1C,S2B_OPER_MSI_L1C_TL_MTI__20170815T080737_A002304_T45QZG_N02.05,S2MSI1C,Sentinel-2,397.28 MB,b5cc0ec9-4853-40cb-82e7-2cf3d6ab29bf
9,https://scihub.copernicus.eu/dhus/odata/v1/Products('2f2304ef-84d5-4fc2-8036-cbafa72cb7a3')/$value,90.0148,24.5912,"{'type': 'FeatureCollection', 'features': [{'type': 'Feature', 'properties': {}, 'geometry': {'type': 'Polygon', 'coordinates': [[[89.0148, 23.5912], [91.0148, 23.5912], [91.0148, 25.5912], [89.0148, 25.5912], [89.0148, 23.5912]]]}}]}","[[[90.040332, 23.814516], [89.89633, 23.840321], [89.844962, 23.849593], [89.845994, 23.853855], [89.845521, 23.853932], [89.84573, 23.854799], [89.845711, 23.854802], [89.845717, 23.854827], [89.620699, 23.89131], [89.620097, 23.888804], [89.620052, 23.888812], [89.619973, 23.888484], [89.619863, 23.888502], [89.619536, 23.88714], [89.578962, 23.893652], [89.361517, 23.929005], [89.376247, 23.990858], [89.411619, 24.139134], [89.447022, 24.287416], [89.472105, 24.392283], [90.053629, 24.382631], [90.040332, 23.814516]]]","POLYGON ((90.04033221115255 23.81451608891213,89.89633021729334 23.840320982146626,89.84496189810876 23.849593071657,89.84599364665218 23.853855366253843,89.84552053797145 23.8539322799333,89.84573049054255 23.854799251568195,89.84571082152264 23.85480243039735,89.84571686294223 23.854827402112164,89.62069853519131 23.891310254492826,89.62009692624882 23.8888043361516,89.62005223600035 23.888811749904264,89.61997328798705 23.88848380932126,89.61986325208485 23.888502114636182,89.61953569051555 23.887139616907604,89.57896210318779 23.893651980045888,89.36151665759802 23.929004755814542,89.37624719861132 23.990857865067284,89.41161912894626 24.13913429180012,89.44702234159439 24.287416484050457,89.4721046306975 24.39228295169701,90.05362898935483 24.382630764706008,90.04033221115255 23.81451608891213))",2f2304ef-84d5-4fc2-8036-cbafa72cb7a3,S2B_MSIL1C_20170815T042659_N0205_R133_T45QYG_20170815T043153,https://scihub.copernicus.eu/dhus/odata/v1/Products('2f2304ef-84d5-4fc2-8036-cbafa72cb7a3')/,https://scihub.copernicus.eu/dhus/odata/v1/Products('2f2304ef-84d5-4fc2-8036-cbafa72cb7a3')/Products('Quicklook')/$value,"Date: 2017-08-15T04:26:59.027Z, Instrument: MSI, Satellite: Sentinel-2, Size: 187.43 MB",false,GS2B_20170815T042659_002304_N02.05,2017-09-01 05:09:55.627,2017-08-15 04:26:59.027,2017-08-15 04:26:59.027,2304,133,100.0,none,none,none,none,none,none,none,S2B_MSIL1C_20170815T042659_N0205_R133_T45QYG_20170815T043153.SAFE,SAFE,S2B_MSIL1C_20170815T042659_N0205_R133_T45QYG_20170815T043153,MSI,Multi-Spectral Instrument,2015-000A,Sentinel-2B,02.05,Level-1C,S2B_OPER_MSI_L1C_TL_SGS__20170815T080801_A002304_T45QYG_N02.05,S2MSI1C,Sentinel-2,187.43 MB,2f2304ef-84d5-4fc2-8036-cbafa72cb7a3
10,https://scihub.copernicus.eu/dhus/odata/v1/Products('c2abb0a1-b898-43bf-b1d7-ad3192082b48')/$value,90.0148,24.5912,"{'type': 'FeatureCollection', 'features': [{'type': 'Feature', 'properties': {}, 'geometry': {'type': 'Polygon', 'coordinates': [[[89.0148, 23.5912], [91.0148, 23.5912], [91.0148, 25.5912], [89.0148, 25.5912], [89.0148, 23.5912]]]}}]}","[[[90.998298, 26.205995], [92.097057, 26.217094], [92.104512, 25.2257], [91.014815, 25.21508], [90.998298, 26.205995]]]","POLYGON ((90.99829791118991 26.2059949249499,92.09705683540741 26.21709405352247,92.10451216629201 25.225700074286582,91.0148147868979 25.215079504312296,90.99829791118991 26.2059949249499))",c2abb0a1-b898-43bf-b1d7-ad3192082b48,S2B_MSIL1C_20170815T042659_N0205_R133_T46RCP_20170815T043153,https://scihub.copernicus.eu/dhus/odata/v1/Products('c2abb0a1-b898-43bf-b1d7-ad3192082b48')/,https://scihub.copernicus.eu/dhus/odata/v1/Products('c2abb0a1-b898-43bf-b1d7-ad3192082b48')/Products('Quicklook')/$value,"Date: 2017-08-15T04:26:59.027Z, Instrument: MSI, Satellite: Sentinel-2, Size: 692.26 MB",false,GS2B_20170815T042659_002304_N02.05,2017-09-01 04:58:34.115,2017-08-15 04:26:59.027,2017-08-15 04:26:59.027,2304,133,90.4978,none,none,none,none,none,none,none,S2B_MSIL1C_20170815T042659_N0205_R133_T46RCP_20170815T043153.SAFE,SAFE,S2B_MSIL1C_20170815T042659_N0205_R133_T46RCP_20170815T043153,MSI,Multi-Spectral Instrument,2015-000A,Sentinel-2B,02.05,Level-1C,S2B_OPER_MSI_L1C_TL_SGS__20170815T080801_A002304_T46RCP_N02.05,S2MSI1C,Sentinel-2,692.26 MB,c2abb0a1-b898-43bf-b1d7-ad3192082b48
11,https://scihub.copernicus.eu/dhus/odata/v1/Products('3aba7554-473f-44ef-bb55-2f86300dc3ef')/$value,90.0148,24.5912,"{'type': 'FeatureCollection', 'features': [{'type': 'Feature', 'properties': {}, 'geometry': {'type': 'Polygon', 'coordinates': [[[89.0148, 23.5912], [91.0148, 23.5912], [91.0148, 25.5912], [89.0148, 25.5912], [89.0148, 23.5912]]]}}]}","[[[90.020755, 25.286627], [91.110482, 25.304624], [91.125453, 24.313522], [90.044336, 24.296321], [90.020755, 25.286627]]]","POLYGON ((90.02075513456023 25.28662718484023,91.11048150660456 25.304623891868257,91.12545319659972 24.313522079331662,90.04433619136218 24.29632139277963,90.02075513456023 25.28662718484023))",3aba7554-473f-44ef-bb55-2f86300dc3ef,S2B_MSIL1C_20170815T042659_N0205_R133_T46RBN_20170815T043153,https://scihub.copernicus.eu/dhus/odata/v1/Products('3aba7554-473f-44ef-bb55-2f86300dc3ef')/,https://scihub.copernicus.eu/dhus/odata/v1/Products('3aba7554-473f-44ef-bb55-2f86300dc3ef')/Products('Quicklook')/$value,"Date: 2017-08-15T04:26:59.027Z, Instrument: MSI, Satellite: Sentinel-2, Size: 599.01 MB",false,GS2B_20170815T042659_002304_N02.05,2017-09-01 04:49:48.964,2017-08-15 04:26:59.027,2017-08-15 04:26:59.027,2304,133,97.2839,none,none,none,none,none,none,none,S2B_MSIL1C_20170815T042659_N0205_R133_T46RBN_20170815T043153.SAFE,SAFE,S2B_MSIL1C_20170815T042659_N0205_R133_T46RBN_20170815T043153,MSI,Multi-Spectral Instrument,2015-000A,Sentinel-2B,02.05,Level-1C,S2B_OPER_MSI_L1C_TL_SGS__20170815T080801_A002304_T46RBN_N02.05,S2MSI1C,Sentinel-2,599.01 MB,3aba7554-473f-44ef-bb55-2f86300dc3ef
12,https://scihub.copernicus.eu/dhus/odata/v1/Products('30b4d0fd-56f4-4e32-8a06-943574eeab04')/$value,90.0148,24.5912,"{'type': 'FeatureCollection', 'features': [{'type': 'Feature', 'properties': {}, 'geometry': {'type': 'Polygon', 'coordinates': [[[89.0148, 23.5912], [91.0148, 23.5912], [91.0148, 25.5912], [89.0148, 25.5912], [89.0148, 23.5912]]]}}]}","[[[91.135731, 23.596709], [91.00855, 23.625606], [91.008454, 23.625224], [91.008438, 23.625228], [91.007201, 23.620305], [90.767077, 23.672159], [90.767838, 23.675214], [90.767807, 23.67522], [90.768115, 23.676458], [90.76792, 23.676498], [90.768109, 23.677256], [90.554118, 23.721196], [90.552951, 23.716487], [90.323948, 23.761732], [90.310824, 23.764333], [90.311876, 23.768616], [90.311493, 23.768687], [90.311728, 23.769641], [90.094019, 23.80957], [90.092926, 23.805091], [90.05527, 23.811839], [90.042287, 24.384535], [91.124152, 24.401806], [91.135731, 23.596709]]]","POLYGON ((91.13573071941482 23.596708512752063,91.00855009237996 23.625606076701665,91.00845415117308 23.625223775652255,91.00843751887693 23.62522755707865,91.00720104326538 23.62030475277123,90.76707674634649 23.672158633663383,90.7678379794384 23.675214090139672,90.76780691187015 23.675220485221622,90.76811532518047 23.6764578987237,90.76791966796723 23.676498082775897,90.7681087547232 23.6772564610988,90.55411752258166 23.72119648531051,90.55295121558264 23.716486686139024,90.32394763224113 23.761732463428864,90.31082431607292 23.76433344440524,90.31187646205328 23.76861637920384,90.31149300900456 23.768686955261344,90.3117275256117 23.769641256043244,90.09401933019366 23.80957025678034,90.09292593508512 23.80509139002767,90.05526989343814 23.811839283638673,90.0422865482062 24.38453509735151,91.12415188659627 24.40180619231123,91.13573071941482 23.596708512752063))",30b4d0fd-56f4-4e32-8a06-943574eeab04,S2B_MSIL1C_20170815T042659_N0205_R133_T46QBM_20170815T043153,https://scihub.copernicus.eu/dhus/odata/v1/Products('30b4d0fd-56f4-4e32-8a06-943574eeab04')/,https://scihub.copernicus.eu/dhus/odata/v1/Products('30b4d0fd-56f4-4e32-8a06-943574eeab04')/Products('Quicklook')/$value,"Date: 2017-08-15T04:26:59.027Z, Instrument: MSI, Satellite: Sentinel-2, Size: 455.50 MB",false,GS2B_20170815T042659_002304_N02.05,2017-09-01 04:38:43.091,2017-08-15 04:26:59.027,2017-08-15 04:26:59.027,2304,133,94.8127,none,none,none,none,none,none,none,S2B_MSIL1C_20170815T042659_N0205_R133_T46QBM_20170815T043153.SAFE,SAFE,S2B_MSIL1C_20170815T042659_N0205_R133_T46QBM_20170815T043153,MSI,Multi-Spectral Instrument,2015-000A,Sentinel-2B,02.05,Level-1C,S2B_OPER_MSI_L1C_TL_SGS__20170815T080801_A002304_T46QBM_N02.05,S2MSI1C,Sentinel-2,455.50 MB,30b4d0fd-56f4-4e32-8a06-943574eeab04
13,https://scihub.copernicus.eu/dhus/odata/v1/Products('0e128614-c299-4764-89da-360e80891ea8')/$value,90.0148,24.5912,"{'type': 'FeatureCollection', 'features': [{'type': 'Feature', 'properties': {}, 'geometry': {'type': 'Polygon', 'coordinates': [[[89.0148, 23.5912], [91.0148, 23.5912], [91.0148, 25.5912], [89.0148, 25.5912], [89.0148, 23.5912]]]}}]}","[[[91.013379, 25.303347], [92.103864, 25.31401], [92.110968, 24.322493], [91.029119, 24.312302], [91.013379, 25.303347]]]","POLYGON ((91.01337860548796 25.303347211715167,92.10386391236236 25.314010097201564,92.11096843408508 24.322493033731597,91.02911850574769 24.31230187568995,91.01337860548796 25.303347211715167))",0e128614-c299-4764-89da-360e80891ea8,S2B_MSIL1C_20170815T042659_N0205_R133_T46RCN_20170815T043153,https://scihub.copernicus.eu/dhus/odata/v1/Products('0e128614-c299-4764-89da-360e80891ea8')/,https://scihub.copernicus.eu/dhus/odata/v1/Products('0e128614-c299-4764-89da-360e80891ea8')/Products('Quicklook')/$value,"Date: 2017-08-15T04:26:59.027Z, Instrument: MSI, Satellite: Sentinel-2, Size: 577.43 MB",false,GS2B_20170815T042659_002304_N02.05,2017-09-01 04:38:28.990,2017-08-15 04:26:59.027,2017-08-15 04:26:59.027,2304,133,97.2804,none,none,none,none,none,none,none,S2B_MSIL1C_20170815T042659_N0205_R133_T46RCN_20170815T043153.SAFE,SAFE,S2B_MSIL1C_20170815T042659_N0205_R133_T46RCN_20170815T043153,MSI,Multi-Spectral Instrument,2015-000A,Sentinel-2B,02.05,Level-1C,S2B_OPER_MSI_L1C_TL_SGS__20170815T080801_A002304_T46RCN_N02.05,S2MSI1C,Sentinel-2,577.43 MB,0e128614-c299-4764-89da-360e80891ea8
14,https://scihub.copernicus.eu/dhus/odata/v1/Products('4a5b29c3-70a7-4966-80f1-d1ae8e089d1a')/$value,90.0148,24.5912,"{'type': 'FeatureCollection', 'features': [{'type': 'Feature', 'properties': {}, 'geometry': {'type': 'Polygon', 'coordinates': [[[89.0148, 23.5912], [91.0148, 23.5912], [91.0148, 25.5912], [89.0148, 25.5912], [89.0148, 23.5912]]]}}]}","[[[89.001302, 26.206], [90.099179, 26.186526], [90.073635, 25.196449], [88.984788, 25.215085], [89.001302, 26.206]]]","POLYGON ((89.00130194368923 26.206000495572308,90.09917877925396 26.186525525260194,90.07363488022341 25.196449361019003,88.98478836443795 25.215084834768362,89.00130194368923 26.206000495572308))",4a5b29c3-70a7-4966-80f1-d1ae8e089d1a,S2A_MSIL1C_20170823T043701_N0205_R033_T45RYJ_20170823T044721,https://scihub.copernicus.eu/dhus/odata/v1/Products('4a5b29c3-70a7-4966-80f1-d1ae8e089d1a')/,https://scihub.copernicus.eu/dhus/odata/v1/Products('4a5b29c3-70a7-4966-80f1-d1ae8e089d1a')/Products('Quicklook')/$value,"Date: 2017-08-23T04:37:01.026Z, Instrument: MSI, Satellite: Sentinel-2, Size: 758.16 MB",false,GS2A_20170823T043701_011327_N02.05,2017-08-23 14:11:33.789,2017-08-23 04:37:01.026,2017-08-23 04:37:01.026,11327,33,56.2593,none,none,none,none,none,none,none,S2A_MSIL1C_20170823T043701_N0205_R033_T45RYJ_20170823T044721.SAFE,SAFE,S2A_MSIL1C_20170823T043701_N0205_R033_T45RYJ_20170823T044721,MSI,Multi-Spectral Instrument,2015-000A,Sentinel-2A,02.05,Level-1C,S2A_OPER_MSI_L1C_TL_SGS__20170823T100946_A011327_T45RYJ_N02.05,S2MSI1C,Sentinel-2,758.16 MB,4a5b29c3-70a7-4966-80f1-d1ae8e089d1a
15,https://scihub.copernicus.eu/dhus/odata/v1/Products('6751347a-66e7-4c3b-9af7-9b91b692c217')/$value,90.0148,24.5912,"{'type': 'FeatureCollection', 'features': [{'type': 'Feature', 'properties': {}, 'geometry': {'type': 'Polygon', 'coordinates': [[[89.0148, 23.5912], [91.0148, 23.5912], [91.0148, 25.5912], [89.0148, 25.5912], [89.0148, 23.5912]]]}}]}","[[[90.06713, 24.929672], [90.064202, 24.918683], [90.024939, 24.770722], [89.985846, 24.622831], [89.946896, 24.475061], [89.908001, 24.327321], [89.900015, 24.296931], [88.970488, 24.312307], [88.986224, 25.303353], [90.075856, 25.284643], [90.06713, 24.929672]]]","POLYGON ((90.06712963645424 24.929672051430806,90.06420180689341 24.918683408024584,90.02493935939562 24.77072194282484,89.98584554074722 24.62283120280505,89.94689621897653 24.47506063261446,89.90800069606716 24.32732143041985,89.9000153543742 24.296930876370716,88.97048750044709 24.312306990641723,88.98622425920792 25.30335256340754,90.07585601103352 25.284642857885515,90.06712963645424 24.929672051430806))",6751347a-66e7-4c3b-9af7-9b91b692c217,S2A_MSIL1C_20170823T043701_N0205_R033_T45RYH_20170823T044721,https://scihub.copernicus.eu/dhus/odata/v1/Products('6751347a-66e7-4c3b-9af7-9b91b692c217')/,https://scihub.copernicus.eu/dhus/odata/v1/Products('6751347a-66e7-4c3b-9af7-9b91b692c217')/Products('Quicklook')/$value,"Date: 2017-08-23T04:37:01.026Z, Instrument: MSI, Satellite: Sentinel-2, Size: 699.22 MB",false,GS2A_20170823T043701_011327_N02.05,2017-08-23 14:11:05.907,2017-08-23 04:37:01.026,2017-08-23 04:37:01.026,11327,33,55.4311,none,none,none,none,none,none,none,S2A_MSIL1C_20170823T043701_N0205_R033_T45RYH_20170823T044721.SAFE,SAFE,S2A_MSIL1C_20170823T043701_N0205_R033_T45RYH_20170823T044721,MSI,Multi-Spectral Instrument,2015-000A,Sentinel-2A,02.05,Level-1C,S2A_OPER_MSI_L1C_TL_SGS__20170823T100946_A011327_T45RYH_N02.05,S2MSI1C,Sentinel-2,699.22 MB,6751347a-66e7-4c3b-9af7-9b91b692c217
16,https://scihub.copernicus.eu/dhus/odata/v1/Products('931dbfce-3a93-4294-b9a4-bbf61c07873b')/$value,90.0148,24.5912,"{'type': 'FeatureCollection', 'features': [{'type': 'Feature', 'properties': {}, 'geometry': {'type': 'Polygon', 'coordinates': [[[89.0148, 23.5912], [91.0148, 23.5912], [91.0148, 25.5912], [89.0148, 25.5912], [89.0148, 23.5912]]]}}]}","[[[89.923132, 24.384797], [89.908001, 24.327321], [89.869197, 24.179644], [89.830444, 24.031849], [89.791721, 23.883991], [89.753052, 23.736087], [89.714431, 23.58816], [89.675878, 23.440166], [89.66494, 23.39811], [88.956871, 23.409414], [88.971855, 24.400586], [89.923132, 24.384797]]]","POLYGON ((89.92313231258123 24.38479675879924,89.90800069606716 24.32732143041985,89.8691973515111 24.179643950186414,89.8304438690718 24.03184943014356,89.79172137630624 23.883990507737625,89.75305170332689 23.73608652466436,89.71443088766483 23.588159742482897,89.67587798587105 23.440165895194973,89.66493968791178 23.398110351397914,88.95687107345962 23.409414304198986,88.971855309855 24.40058612922519,89.92313231258123 24.38479675879924))",931dbfce-3a93-4294-b9a4-bbf61c07873b,S2A_MSIL1C_20170823T043701_N0205_R033_T45QYG_20170823T044721,https://scihub.copernicus.eu/dhus/odata/v1/Products('931dbfce-3a93-4294-b9a4-bbf61c07873b')/,https://scihub.copernicus.eu/dhus/odata/v1/Products('931dbfce-3a93-4294-b9a4-bbf61c07873b')/Products('Quicklook')/$value,"Date: 2017-08-23T04:37:01.026Z, Instrument: MSI, Satellite: Sentinel-2, Size: 573.85 MB",false,GS2A_20170823T043701_011327_N02.05,2017-08-23 14:11:04.218,2017-08-23 04:37:01.026,2017-08-23 04:37:01.026,11327,33,68.2306,none,none,none,none,none,none,none,S2A_MSIL1C_20170823T043701_N0205_R033_T45QYG_20170823T044721.SAFE,SAFE,S2A_MSIL1C_20170823T043701_N0205_R033_T45QYG_20170823T044721,MSI,Multi-Spectral Instrument,2015-000A,Sentinel-2A,02.05,Level-1C,S2A_OPER_MSI_L1C_TL_SGS__20170823T100946_A011327_T45QYG_N02.05,S2MSI1C,Sentinel-2,573.85 MB,931dbfce-3a93-4294-b9a4-bbf61c07873b
17,https://scihub.copernicus.eu/dhus/odata/v1/Products('d240b7c1-9d6d-4f7d-9680-098c70012c5c')/$value,90.0148,24.5912,"{'type': 'FeatureCollection', 'features': [{'type': 'Feature', 'properties': {}, 'geometry': {'type': 'Polygon', 'coordinates': [[[89.0148, 23.5912], [91.0148, 23.5912], [91.0148, 25.5912], [89.0148, 25.5912], [89.0148, 23.5912]]]}}]}","[[[90.401956, 26.17871], [90.380991, 26.101199], [90.340938, 25.953639], [90.301115, 25.806024], [90.261108, 25.658383], [90.221663, 25.510556], [90.182628, 25.362581], [90.143129, 25.2147], [90.137765, 25.194597], [89.976697, 25.198434], [90.001438, 26.188599], [90.401956, 26.17871]]]","POLYGON ((90.40195580923162 26.17870950987981,90.38099081783312 26.101198773363187,90.34093836596898 25.953638582837883,90.30111541102947 25.806023868352288,90.26110791110256 25.658382904196145,90.22166301037568 25.510556377248925,90.18262751522288 25.362580818596843,90.14312884502704 25.21470034330021,90.13776477279875 25.194596548298467,89.97669674796845 25.198433803328545,90.0014380138957 26.188599350591417,90.40195580923162 26.17870950987981))",d240b7c1-9d6d-4f7d-9680-098c70012c5c,S2A_MSIL1C_20170823T043701_N0205_R033_T45RZJ_20170823T044721,https://scihub.copernicus.eu/dhus/odata/v1/Products('d240b7c1-9d6d-4f7d-9680-098c70012c5c')/,https://scihub.copernicus.eu/dhus/odata/v1/Products('d240b7c1-9d6d-4f7d-9680-098c70012c5c')/Products('Quicklook')/$value,"Date: 2017-08-23T04:37:01.026Z, Instrument: MSI, Satellite: Sentinel-2, Size: 199.33 MB",false,GS2A_20170823T043701_011327_N02.05,2017-08-23 14:10:29.217,2017-08-23 04:37:01.026,2017-08-23 04:37:01.026,11327,33,57.468,none,none,none,none,none,none,none,S2A_MSIL1C_20170823T043701_N0205_R033_T45RZJ_20170823T044721.SAFE,SAFE,S2A_MSIL1C_20170823T043701_N0205_R033_T45RZJ_20170823T044721,MSI,Multi-Spectral Instrument,2015-000A,Sentinel-2A,02.05,Level-1C,S2A_OPER_MSI_L1C_TL_SGS__20170823T100946_A011327_T45RZJ_N02.05,S2MSI1C,Sentinel-2,199.33 MB,d240b7c1-9d6d-4f7d-9680-098c70012c5c
18,https://scihub.copernicus.eu/dhus/odata/v1/Products('5406ca1f-8f5c-445e-ab99-371d2f5a432c')/$value,90.0148,24.5912,"{'type': 'FeatureCollection', 'features': [{'type': 'Feature', 'properties': {}, 'geometry': {'type': 'Polygon', 'coordinates': [[[89.0148, 23.5912], [91.0148, 23.5912], [91.0148, 25.5912], [89.0148, 25.5912], [89.0148, 23.5912]]]}}]}","[[[90.162968, 25.288976], [90.143129, 25.2147], [90.103638, 25.066693], [90.064202, 24.918683], [90.032373, 24.798735], [90.020755, 25.286627], [90.162968, 25.288976]]]","POLYGON ((90.16296771920487 25.28897580949244,90.14312884502704 25.21470034330021,90.10363762119982 25.06669274116488,90.06420180689341 24.918683408024584,90.03237277312915 24.798734938894732,90.02075513456023 25.28662718484023,90.16296771920487 25.28897580949244))",5406ca1f-8f5c-445e-ab99-371d2f5a432c,S2A_MSIL1C_20170823T043701_N0205_R033_T46RBN_20170823T044721,https://scihub.copernicus.eu/dhus/odata/v1/Products('5406ca1f-8f5c-445e-ab99-371d2f5a432c')/,https://scihub.copernicus.eu/dhus/odata/v1/Products('5406ca1f-8f5c-445e-ab99-371d2f5a432c')/Products('Quicklook')/$value,"Date: 2017-08-23T04:37:01.026Z, Instrument: MSI, Satellite: Sentinel-2, Size: 40.06 MB",false,GS2A_20170823T043701_011327_N02.05,2017-08-23 14:09:56.712,2017-08-23 04:37:01.026,2017-08-23 04:37:01.026,11327,33,100.0,none,none,none,none,none,none,none,S2A_MSIL1C_20170823T043701_N0205_R033_T46RBN_20170823T044721.SAFE,SAFE,S2A_MSIL1C_20170823T043701_N0205_R033_T46RBN_20170823T044721,MSI,Multi-Spectral Instrument,2015-000A,Sentinel-2A,02.05,Level-1C,S2A_OPER_MSI_L1C_TL_SGS__20170823T100946_A011327_T46RBN_N02.05,S2MSI1C,Sentinel-2,40.06 MB,5406ca1f-8f5c-445e-ab99-371d2f5a432c
19,https://scihub.copernicus.eu/dhus/odata/v1/Products('7cb05731-f81d-404c-8018-d1a5423956bb')/$value,90.0148,24.5912,"{'type': 'FeatureCollection', 'features': [{'type': 'Feature', 'properties': {}, 'geometry': {'type': 'Polygon', 'coordinates': [[[89.0148, 23.5912], [91.0148, 23.5912], [91.0148, 25.5912], [89.0148, 25.5912], [89.0148, 23.5912]]]}}]}","[[[90.406513, 26.195558], [90.380991, 26.101199], [90.340938, 25.953639], [90.301115, 25.806024], [90.261108, 25.658383], [90.221663, 25.510556], [90.182628, 25.362581], [90.143129, 25.2147], [90.139298, 25.200342], [90.022907, 25.198426], [89.998162, 26.188591], [90.406513, 26.195558]]]","POLYGON ((90.40651295936138 26.195557981518103,90.38099081783312 26.101198773363187,90.34093836596898 25.953638582837883,90.30111541102947 25.806023868352288,90.26110791110256 25.658382904196145,90.22166301037568 25.510556377248925,90.18262751522288 25.362580818596843,90.14312884502704 25.21470034330021,90.13929770216271 25.2003417538762,90.02290675623108 25.198425816101338,89.99816220678797 26.188591003598358,90.40651295936138 26.195557981518103))",7cb05731-f81d-404c-8018-d1a5423956bb,S2A_MSIL1C_20170823T043701_N0205_R033_T46RBP_20170823T044721,https://scihub.copernicus.eu/dhus/odata/v1/Products('7cb05731-f81d-404c-8018-d1a5423956bb')/,https://scihub.copernicus.eu/dhus/odata/v1/Products('7cb05731-f81d-404c-8018-d1a5423956bb')/Products('Quicklook')/$value,"Date: 2017-08-23T04:37:01.026Z, Instrument: MSI, Satellite: Sentinel-2, Size: 187.18 MB",false,GS2A_20170823T043701_011327_N02.05,2017-08-23 14:09:53.276,2017-08-23 04:37:01.026,2017-08-23 04:37:01.026,11327,33,57.572,none,none,none,none,none,none,none,S2A_MSIL1C_20170823T043701_N0205_R033_T46RBP_20170823T044721.SAFE,SAFE,S2A_MSIL1C_20170823T043701_N0205_R033_T46RBP_20170823T044721,MSI,Multi-Spectral Instrument,2015-000A,Sentinel-2A,02.05,Level-1C,S2A_OPER_MSI_L1C_TL_SGS__20170823T100946_A011327_T46RBP_N02.05,S2MSI1C,Sentinel-2,187.18 MB,7cb05731-f81d-404c-8018-d1a5423956bb
20,https://scihub.copernicus.eu/dhus/odata/v1/Products('4e6e465b-e210-4b56-8f43-a38a1748a409')/$value,90.0148,24.5912,"{'type': 'FeatureCollection', 'features': [{'type': 'Feature', 'properties': {}, 'geometry': {'type': 'Polygon', 'coordinates': [[[89.0148, 23.5912], [91.0148, 23.5912], [91.0148, 25.5912], [89.0148, 25.5912], [89.0148, 23.5912]]]}}]}","[[[90.161179, 25.282277], [90.143129, 25.2147], [90.103638, 25.066693], [90.064202, 24.918683], [90.024939, 24.770722], [89.985846, 24.622831], [89.96078, 24.527733], [89.978848, 25.286635], [90.161179, 25.282277]]]","POLYGON ((90.16117853807093 25.28227723064993,90.14312884502704 25.21470034330021,90.10363762119982 25.06669274116488,90.06420180689341 24.918683408024584,90.02493935939562 24.77072194282484,89.98584554074722 24.62283120280505,89.96077959011113 24.527733017535702,89.97884808411479 25.286635203879666,90.16117853807093 25.28227723064993))",4e6e465b-e210-4b56-8f43-a38a1748a409,S2A_MSIL1C_20170823T043701_N0205_R033_T45RZH_20170823T044721,https://scihub.copernicus.eu/dhus/odata/v1/Products('4e6e465b-e210-4b56-8f43-a38a1748a409')/,https://scihub.copernicus.eu/dhus/odata/v1/Products('4e6e465b-e210-4b56-8f43-a38a1748a409')/Products('Quicklook')/$value,"Date: 2017-08-23T04:37:01.026Z, Instrument: MSI, Satellite: Sentinel-2, Size: 67.22 MB",false,GS2A_20170823T043701_011327_N02.05,2017-08-23 14:09:46.477,2017-08-23 04:37:01.026,2017-08-23 04:37:01.026,11327,33,52.2251,none,none,none,none,none,none,none,S2A_MSIL1C_20170823T043701_N0205_R033_T45RZH_20170823T044721.SAFE,SAFE,S2A_MSIL1C_20170823T043701_N0205_R033_T45RZH_20170823T044721,MSI,Multi-Spectral Instrument,2015-000A,Sentinel-2A,02.05,Level-1C,S2A_OPER_MSI_L1C_TL_SGS__20170823T100946_A011327_T45RZH_N02.05,S2MSI1C,Sentinel-2,67.22 MB,4e6e465b-e210-4b56-8f43-a38a1748a409
21,https://scihub.copernicus.eu/dhus/odata/v1/Products('b4ce2254-6721-4d1a-80ec-78ba66e2371c')/$value,90.0148,24.5912,"{'type': 'FeatureCollection', 'features': [{'type': 'Feature', 'properties': {}, 'geometry': {'type': 'Polygon', 'coordinates': [[[89.0148, 23.5912], [91.0148, 23.5912], [91.0148, 25.5912], [89.0148, 25.5912], [89.0148, 23.5912]]]}}]}","[[[88.001034, 26.216445], [89.099734, 26.204597], [89.08241, 25.213741], [87.992769, 25.225079], [88.001034, 26.216445]]]","POLYGON ((88.00103425012406 26.216444554819557,89.09973405600208 26.20459661096656,89.0824096754152 25.213741475202305,87.99276932018573 25.225078582167964,88.00103425012406 26.216444554819557))",b4ce2254-6721-4d1a-80ec-78ba66e2371c,S2A_MSIL1C_20170823T043701_N0205_R033_T45RXJ_20170823T044721,https://scihub.copernicus.eu/dhus/odata/v1/Products('b4ce2254-6721-4d1a-80ec-78ba66e2371c')/,https://scihub.copernicus.eu/dhus/odata/v1/Products('b4ce2254-6721-4d1a-80ec-78ba66e2371c')/Products('Quicklook')/$value,"Date: 2017-08-23T04:37:01.026Z, Instrument: MSI, Satellite: Sentinel-2, Size: 682.59 MB",false,GS2A_20170823T043701_011327_N02.05,2017-08-23 14:05:55.925,2017-08-23 04:37:01.026,2017-08-23 04:37:01.026,11327,33,79.2348,none,none,none,none,none,none,none,S2A_MSIL1C_20170823T043701_N0205_R033_T45RXJ_20170823T044721.SAFE,SAFE,S2A_MSIL1C_20170823T043701_N0205_R033_T45RXJ_20170823T044721,MSI,Multi-Spectral Instrument,2015-000A,Sentinel-2A,02.05,Level-1C,S2A_OPER_MSI_L1C_TL_SGS__20170823T100946_A011327_T45RXJ_N02.05,S2MSI1C,Sentinel-2,682.59 MB,b4ce2254-6721-4d1a-80ec-78ba66e2371c
22,https://scihub.copernicus.eu/dhus/odata/v1/Products('d502a286-7df4-4505-9d4e-13caa505834b')/$value,90.0148,24.5912,"{'type': 'FeatureCollection', 'features': [{'type': 'Feature', 'properties': {}, 'geometry': {'type': 'Polygon', 'coordinates': [[[89.0148, 23.5912], [91.0148, 23.5912], [91.0148, 25.5912], [89.0148, 25.5912], [89.0148, 23.5912]]]}}]}","[[[87.986297, 24.410215], [89.068842, 24.399292], [89.053122, 23.408179], [87.978797, 23.418605], [87.986297, 24.410215]]]","POLYGON ((87.98629650407685 24.410215071618904,89.06884159555698 24.399291802536993,89.05312159235007 23.40817882334798,87.97879719394643 23.41860543773055,87.98629650407685 24.410215071618904))",d502a286-7df4-4505-9d4e-13caa505834b,S2A_MSIL1C_20170823T043701_N0205_R033_T45QXG_20170823T044721,https://scihub.copernicus.eu/dhus/odata/v1/Products('d502a286-7df4-4505-9d4e-13caa505834b')/,https://scihub.copernicus.eu/dhus/odata/v1/Products('d502a286-7df4-4505-9d4e-13caa505834b')/Products('Quicklook')/$value,"Date: 2017-08-23T04:37:01.026Z, Instrument: MSI, Satellite: Sentinel-2, Size: 722.36 MB",false,GS2A_20170823T043701_011327_N02.05,2017-08-23 14:01:31.417,2017-08-23 04:37:01.026,2017-08-23 04:37:01.026,11327,33,58.269,none,none,none,none,none,none,none,S2A_MSIL1C_20170823T043701_N0205_R033_T45QXG_20170823T044721.SAFE,SAFE,S2A_MSIL1C_20170823T043701_N0205_R033_T45QXG_20170823T044721,MSI,Multi-Spectral Instrument,2015-000A,Sentinel-2A,02.05,Level-1C,S2A_OPER_MSI_L1C_TL_SGS__20170823T100946_A011327_T45QXG_N02.05,S2MSI1C,Sentinel-2,722.36 MB,d502a286-7df4-4505-9d4e-13caa505834b
23,https://scihub.copernicus.eu/dhus/odata/v1/Products('a7cabcec-61e7-4e64-bc95-768a3fa8dbe4')/$value,90.0148,24.5912,"{'type': 'FeatureCollection', 'features': [{'type': 'Feature', 'properties': {}, 'geometry': {'type': 'Polygon', 'coordinates': [[[89.0148, 23.5912], [91.0148, 23.5912], [91.0148, 25.5912], [89.0148, 25.5912], [89.0148, 23.5912]]]}}]}","[[[87.993488, 25.313386], [89.083916, 25.302004], [89.067407, 24.311018], [87.985612, 24.321897], [87.993488, 25.313386]]]","POLYGON ((87.99348797046154 25.313386128673674,89.08391607266702 25.30200385201295,89.067406624162 24.31101794103271,87.98561193868218 24.321896671736273,87.99348797046154 25.313386128673674))",a7cabcec-61e7-4e64-bc95-768a3fa8dbe4,S2A_MSIL1C_20170823T043701_N0205_R033_T45RXH_20170823T044721,https://scihub.copernicus.eu/dhus/odata/v1/Products('a7cabcec-61e7-4e64-bc95-768a3fa8dbe4')/,https://scihub.copernicus.eu/dhus/odata/v1/Products('a7cabcec-61e7-4e64-bc95-768a3fa8dbe4')/Products('Quicklook')/$value,"Date: 2017-08-23T04:37:01.026Z, Instrument: MSI, Satellite: Sentinel-2, Size: 694.29 MB",false,GS2A_20170823T043701_011327_N02.05,2017-08-23 14:00:52.914,2017-08-23 04:37:01.026,2017-08-23 04:37:01.026,11327,33,60.492,none,none,none,none,none,none,none,S2A_MSIL1C_20170823T043701_N0205_R033_T45RXH_20170823T044721.SAFE,SAFE,S2A_MSIL1C_20170823T043701_N0205_R033_T45RXH_20170823T044721,MSI,Multi-Spectral Instrument,2015-000A,Sentinel-2A,02.05,Level-1C,S2A_OPER_MSI_L1C_TL_SGS__20170823T100946_A011327_T45RXH_N02.05,S2MSI1C,Sentinel-2,694.29 MB,a7cabcec-61e7-4e64-bc95-768a3fa8dbe4
24,https://scihub.copernicus.eu/dhus/odata/v1/Products('4fc74f82-ce96-4042-bb15-e2904a0fec7e')/$value,90.0148,24.5912,"{'type': 'FeatureCollection', 'features': [{'type': 'Feature', 'properties': {}, 'geometry': {'type': 'Polygon', 'coordinates': [[[89.0148, 23.5912], [91.0148, 23.5912], [91.0148, 25.5912], [89.0148, 25.5912], [89.0148, 23.5912]]]}}]}","[[[90.164687, 25.289004], [90.134214, 25.174247], [90.094861, 25.02652], [90.05562, 24.878837], [90.032539, 24.791738], [90.020755, 25.286627], [90.164687, 25.289004]]]","POLYGON ((90.16468662130713 25.289004196965056,90.13421375043754 25.174246568051924,90.09486149791026 25.02651986431996,90.05562016601077 24.87883697153447,90.0325393857753 24.791737904372745,90.02075513456023 25.28662718484023,90.16468662130713 25.289004196965056))",4fc74f82-ce96-4042-bb15-e2904a0fec7e,S2B_MSIL1C_20170818T043659_N0205_R033_T46RBN_20170818T044345,https://scihub.copernicus.eu/dhus/odata/v1/Products('4fc74f82-ce96-4042-bb15-e2904a0fec7e')/,https://scihub.copernicus.eu/dhus/odata/v1/Products('4fc74f82-ce96-4042-bb15-e2904a0fec7e')/Products('Quicklook')/$value,"Date: 2017-08-18T04:36:59.027Z, Instrument: MSI, Satellite: Sentinel-2, Size: 37.35 MB",false,GS2B_20170818T043659_002347_N02.05,2017-08-18 19:48:35.037,2017-08-18 04:36:59.027,2017-08-18 04:36:59.027,2347,33,100.0,none,none,none,none,none,none,none,S2B_MSIL1C_20170818T043659_N0205_R033_T46RBN_20170818T044345.SAFE,SAFE,S2B_MSIL1C_20170818T043659_N0205_R033_T46RBN_20170818T044345,MSI,Multi-Spectral Instrument,2015-000A,Sentinel-2B,02.05,Level-1C,S2B_OPER_MSI_L1C_TL_SGS__20170818T100716_A002347_T46RBN_N02.05,S2MSI1C,Sentinel-2,37.35 MB,4fc74f82-ce96-4042-bb15-e2904a0fec7e
25,https://scihub.copernicus.eu/dhus/odata/v1/Products('4d651b25-062a-4e4b-b9c5-5c97b3cf6437')/$value,90.0148,24.5912,"{'type': 'FeatureCollection', 'features': [{'type': 'Feature', 'properties': {}, 'geometry': {'type': 'Polygon', 'coordinates': [[[89.0148, 23.5912], [91.0148, 23.5912], [91.0148, 25.5912], [89.0148, 25.5912], [89.0148, 23.5912]]]}}]}","[[[90.408661, 26.195595], [90.372299, 26.061208], [90.332306, 25.91336], [90.291928, 25.765633], [90.251698, 25.617911], [90.212824, 25.46989], [90.173463, 25.322056], [90.141151, 25.200372], [90.022907, 25.198426], [89.998162, 26.188591], [90.408661, 26.195595]]]","POLYGON ((90.40866145599523 26.195594637575464,90.37229854130072 26.061207895330668,90.33230568277203 25.91335963771704,90.29192823967078 25.765633458603432,90.25169835927184 25.61791099443419,90.21282438070384 25.46988962678455,90.17346318977354 25.322055831368328,90.14115119753707 25.20037226468419,90.02290675623108 25.198425816101338,89.99816220678797 26.188591003598358,90.40866145599523 26.195594637575464))",4d651b25-062a-4e4b-b9c5-5c97b3cf6437,S2B_MSIL1C_20170818T043659_N0205_R033_T46RBP_20170818T044345,https://scihub.copernicus.eu/dhus/odata/v1/Products('4d651b25-062a-4e4b-b9c5-5c97b3cf6437')/,https://scihub.copernicus.eu/dhus/odata/v1/Products('4d651b25-062a-4e4b-b9c5-5c97b3cf6437')/Products('Quicklook')/$value,"Date: 2017-08-18T04:36:59.027Z, Instrument: MSI, Satellite: Sentinel-2, Size: 140.64 MB",false,GS2B_20170818T043659_002347_N02.05,2017-08-18 19:44:31.379,2017-08-18 04:36:59.027,2017-08-18 04:36:59.027,2347,33,100.0,none,none,none,none,none,none,none,S2B_MSIL1C_20170818T043659_N0205_R033_T46RBP_20170818T044345.SAFE,SAFE,S2B_MSIL1C_20170818T043659_N0205_R033_T46RBP_20170818T044345,MSI,Multi-Spectral Instrument,2015-000A,Sentinel-2B,02.05,Level-1C,S2B_OPER_MSI_L1C_TL_SGS__20170818T100716_A002347_T46RBP_N02.05,S2MSI1C,Sentinel-2,140.64 MB,4d651b25-062a-4e4b-b9c5-5c97b3cf6437
26,https://scihub.copernicus.eu/dhus/odata/v1/Products('f67409d6-c255-4201-88ff-6a452c7d8920')/$value,90.0148,24.5912,"{'type': 'FeatureCollection', 'features': [{'type': 'Feature', 'properties': {}, 'geometry': {'type': 'Polygon', 'coordinates': [[[89.0148, 23.5912], [91.0148, 23.5912], [91.0148, 25.5912], [89.0148, 25.5912], [89.0148, 23.5912]]]}}]}","[[[90.404078, 26.178657], [90.372299, 26.061208], [90.332306, 25.91336], [90.291928, 25.765633], [90.251698, 25.617911], [90.212824, 25.46989], [90.173463, 25.322056], [90.139606, 25.194553], [89.976697, 25.198434], [90.001438, 26.188599], [90.404078, 26.178657]]]","POLYGON ((90.40407842690911 26.178657096851058,90.37229854130072 26.061207895330668,90.33230568277203 25.91335963771704,90.29192823967078 25.765633458603432,90.25169835927184 25.61791099443419,90.21282438070384 25.46988962678455,90.17346318977354 25.322055831368328,90.13960586016796 25.19455268657125,89.97669674796845 25.198433803328545,90.0014380138957 26.188599350591417,90.40407842690911 26.178657096851058))",f67409d6-c255-4201-88ff-6a452c7d8920,S2B_MSIL1C_20170818T043659_N0205_R033_T45RZJ_20170818T044345,https://scihub.copernicus.eu/dhus/odata/v1/Products('f67409d6-c255-4201-88ff-6a452c7d8920')/,https://scihub.copernicus.eu/dhus/odata/v1/Products('f67409d6-c255-4201-88ff-6a452c7d8920')/Products('Quicklook')/$value,"Date: 2017-08-18T04:36:59.027Z, Instrument: MSI, Satellite: Sentinel-2, Size: 149.39 MB",false,GS2B_20170818T043659_002347_N02.05,2017-08-18 19:37:37.154,2017-08-18 04:36:59.027,2017-08-18 04:36:59.027,2347,33,100.0,none,none,none,none,none,none,none,S2B_MSIL1C_20170818T043659_N0205_R033_T45RZJ_20170818T044345.SAFE,SAFE,S2B_MSIL1C_20170818T043659_N0205_R033_T45RZJ_20170818T044345,MSI,Multi-Spectral Instrument,2015-000A,Sentinel-2B,02.05,Level-1C,S2B_OPER_MSI_L1C_TL_SGS__20170818T100716_A002347_T45RZJ_N02.05,S2MSI1C,Sentinel-2,149.39 MB,f67409d6-c255-4201-88ff-6a452c7d8920
27,https://scihub.copernicus.eu/dhus/odata/v1/Products('baf28127-7ee5-4087-9b4a-ef007446d63b')/$value,90.0148,24.5912,"{'type': 'FeatureCollection', 'features': [{'type': 'Feature', 'properties': {}, 'geometry': {'type': 'Polygon', 'coordinates': [[[89.0148, 23.5912], [91.0148, 23.5912], [91.0148, 25.5912], [89.0148, 25.5912], [89.0148, 23.5912]]]}}]}","[[[90.162889, 25.282236], [90.134214, 25.174247], [90.094861, 25.02652], [90.05562, 24.878837], [90.016469, 24.731094], [89.977397, 24.583233], [89.960585, 24.519551], [89.978848, 25.286635], [90.162889, 25.282236]]]","POLYGON ((90.16288947600687 25.282236336649174,90.13421375043754 25.174246568051924,90.09486149791026 25.02651986431996,90.05562016601077 24.87883697153447,90.01646900104232 24.73109370149519,89.9773974392906 24.583233243811662,89.96058479112179 24.519551185730393,89.97884808411479 25.286635203879666,90.16288947600687 25.282236336649174))",baf28127-7ee5-4087-9b4a-ef007446d63b,S2B_MSIL1C_20170818T043659_N0205_R033_T45RZH_20170818T044345,https://scihub.copernicus.eu/dhus/odata/v1/Products('baf28127-7ee5-4087-9b4a-ef007446d63b')/,https://scihub.copernicus.eu/dhus/odata/v1/Products('baf28127-7ee5-4087-9b4a-ef007446d63b')/Products('Quicklook')/$value,"Date: 2017-08-18T04:36:59.027Z, Instrument: MSI, Satellite: Sentinel-2, Size: 54.73 MB",false,GS2B_20170818T043659_002347_N02.05,2017-08-18 19:37:35.669,2017-08-18 04:36:59.027,2017-08-18 04:36:59.027,2347,33,100.0,none,none,none,none,none,none,none,S2B_MSIL1C_20170818T043659_N0205_R033_T45RZH_20170818T044345.SAFE,SAFE,S2B_MSIL1C_20170818T043659_N0205_R033_T45RZH_20170818T044345,MSI,Multi-Spectral Instrument,2015-000A,Sentinel-2B,02.05,Level-1C,S2B_OPER_MSI_L1C_TL_SGS__20170818T100716_A002347_T45RZH_N02.05,S2MSI1C,Sentinel-2,54.73 MB,baf28127-7ee5-4087-9b4a-ef007446d63b
28,https://scihub.copernicus.eu/dhus/odata/v1/Products('eed98c21-4b53-4aa5-a355-b1a6939f0252')/$value,90.0148,24.5912,"{'type': 'FeatureCollection', 'features': [{'type': 'Feature', 'properties': {}, 'geometry': {'type': 'Polygon', 'coordinates': [[[89.0148, 23.5912], [91.0148, 23.5912], [91.0148, 25.5912], [89.0148, 25.5912], [89.0148, 23.5912]]]}}]}","[[[87.993488, 25.313386], [89.083916, 25.302004], [89.067407, 24.311018], [87.985612, 24.321897], [87.993488, 25.313386]]]","POLYGON ((87.99348797046154 25.313386128673674,89.08391607266702 25.30200385201295,89.067406624162 24.31101794103271,87.98561193868218 24.321896671736273,87.99348797046154 25.313386128673674))",eed98c21-4b53-4aa5-a355-b1a6939f0252,S2B_MSIL1C_20170818T043659_N0205_R033_T45RXH_20170818T044345,https://scihub.copernicus.eu/dhus/odata/v1/Products('eed98c21-4b53-4aa5-a355-b1a6939f0252')/,https://scihub.copernicus.eu/dhus/odata/v1/Products('eed98c21-4b53-4aa5-a355-b1a6939f0252')/Products('Quicklook')/$value,"Date: 2017-08-18T04:36:59.027Z, Instrument: MSI, Satellite: Sentinel-2, Size: 583.27 MB",false,GS2B_20170818T043659_002347_N02.05,2017-08-18 19:27:22.912,2017-08-18 04:36:59.027,2017-08-18 04:36:59.027,2347,33,97.4032,none,none,none,none,none,none,none,S2B_MSIL1C_20170818T043659_N0205_R033_T45RXH_20170818T044345.SAFE,SAFE,S2B_MSIL1C_20170818T043659_N0205_R033_T45RXH_20170818T044345,MSI,Multi-Spectral Instrument,2015-000A,Sentinel-2B,02.05,Level-1C,S2B_OPER_MSI_L1C_TL_SGS__20170818T100716_A002347_T45RXH_N02.05,S2MSI1C,Sentinel-2,583.27 MB,eed98c21-4b53-4aa5-a355-b1a6939f0252
29,https://scihub.copernicus.eu/dhus/odata/v1/Products('f6452291-428d-48cc-817b-6f3a2baadab3')/$value,90.0148,24.5912,"{'type': 'FeatureCollection', 'features': [{'type': 'Feature', 'properties': {}, 'geometry': {'type': 'Polygon', 'coordinates': [[[89.0148, 23.5912], [91.0148, 23.5912], [91.0148, 25.5912], [89.0148, 25.5912], [89.0148, 23.5912]]]}}]}","[[[88.001034, 26.216445], [89.099734, 26.204597], [89.08241, 25.213741], [87.992769, 25.225079], [88.001034, 26.216445]]]","POLYGON ((88.00103425012406 26.216444554819557,89.09973405600208 26.20459661096656,89.0824096754152 25.213741475202305,87.99276932018573 25.225078582167964,88.00103425012406 26.216444554819557))",f6452291-428d-48cc-817b-6f3a2baadab3,S2B_MSIL1C_20170818T043659_N0205_R033_T45RXJ_20170818T044345,https://scihub.copernicus.eu/dhus/odata/v1/Products('f6452291-428d-48cc-817b-6f3a2baadab3')/,https://scihub.copernicus.eu/dhus/odata/v1/Products('f6452291-428d-48cc-817b-6f3a2baadab3')/Products('Quicklook')/$value,"Date: 2017-08-18T04:36:59.027Z, Instrument: MSI, Satellite: Sentinel-2, Size: 548.98 MB",false,GS2B_20170818T043659_002347_N02.05,2017-08-18 19:24:52.848,2017-08-18 04:36:59.027,2017-08-18 04:36:59.027,2347,33,99.8276,none,none,none,none,none,none,none,S2B_MSIL1C_20170818T043659_N0205_R033_T45RXJ_20170818T044345.SAFE,SAFE,S2B_MSIL1C_20170818T043659_N0205_R033_T45RXJ_20170818T044345,MSI,Multi-Spectral Instrument,2015-000A,Sentinel-2B,02.05,Level-1C,S2B_OPER_MSI_L1C_TL_SGS__20170818T100716_A002347_T45RXJ_N02.05,S2MSI1C,Sentinel-2,548.98 MB,f6452291-428d-48cc-817b-6f3a2baadab3
30,https://scihub.copernicus.eu/dhus/odata/v1/Products('f420086e-1fe7-42f7-8029-080f6c2fe1bc')/$value,90.0148,24.5912,"{'type': 'FeatureCollection', 'features': [{'type': 'Feature', 'properties': {}, 'geometry': {'type': 'Polygon', 'coordinates': [[[89.0148, 23.5912], [91.0148, 23.5912], [91.0148, 25.5912], [89.0148, 25.5912], [89.0148, 23.5912]]]}}]}","[[[89.001302, 26.206], [90.099179, 26.186526], [90.073635, 25.196449], [88.984788, 25.215085], [89.001302, 26.206]]]","POLYGON ((89.00130194368923 26.206000495572308,90.09917877925396 26.186525525260194,90.07363488022341 25.196449361019003,88.98478836443795 25.215084834768362,89.00130194368923 26.206000495572308))",f420086e-1fe7-42f7-8029-080f6c2fe1bc,S2B_MSIL1C_20170818T043659_N0205_R033_T45RYJ_20170818T044345,https://scihub.copernicus.eu/dhus/odata/v1/Products('f420086e-1fe7-42f7-8029-080f6c2fe1bc')/,https://scihub.copernicus.eu/dhus/odata/v1/Products('f420086e-1fe7-42f7-8029-080f6c2fe1bc')/Products('Quicklook')/$value,"Date: 2017-08-18T04:36:59.027Z, Instrument: MSI, Satellite: Sentinel-2, Size: 521.36 MB",false,GS2B_20170818T043659_002347_N02.05,2017-08-18 19:24:37.865,2017-08-18 04:36:59.027,2017-08-18 04:36:59.027,2347,33,100.0,none,none,none,none,none,none,none,S2B_MSIL1C_20170818T043659_N0205_R033_T45RYJ_20170818T044345.SAFE,SAFE,S2B_MSIL1C_20170818T043659_N0205_R033_T45RYJ_20170818T044345,MSI,Multi-Spectral Instrument,2015-000A,Sentinel-2B,02.05,Level-1C,S2B_OPER_MSI_L1C_TL_SGS__20170818T100716_A002347_T45RYJ_N02.05,S2MSI1C,Sentinel-2,521.36 MB,f420086e-1fe7-42f7-8029-080f6c2fe1bc
31,https://scihub.copernicus.eu/dhus/odata/v1/Products('54606f9c-3eaa-4eee-a55c-db7d89346af7')/$value,90.0148,24.5912,"{'type': 'FeatureCollection', 'features': [{'type': 'Feature', 'properties': {}, 'geometry': {'type': 'Polygon', 'coordinates': [[[89.0148, 23.5912], [91.0148, 23.5912], [91.0148, 25.5912], [89.0148, 25.5912], [89.0148, 23.5912]]]}}]}","[[[87.986297, 24.410215], [89.068842, 24.399292], [89.053122, 23.408179], [87.978797, 23.418605], [87.986297, 24.410215]]]","POLYGON ((87.98629650407685 24.410215071618904,89.06884159555698 24.399291802536993,89.05312159235007 23.40817882334798,87.97879719394643 23.41860543773055,87.98629650407685 24.410215071618904))",54606f9c-3eaa-4eee-a55c-db7d89346af7,S2B_MSIL1C_20170818T043659_N0205_R033_T45QXG_20170818T044345,https://scihub.copernicus.eu/dhus/odata/v1/Products('54606f9c-3eaa-4eee-a55c-db7d89346af7')/,https://scihub.copernicus.eu/dhus/odata/v1/Products('54606f9c-3eaa-4eee-a55c-db7d89346af7')/Products('Quicklook')/$value,"Date: 2017-08-18T04:36:59.027Z, Instrument: MSI, Satellite: Sentinel-2, Size: 642.55 MB",false,GS2B_20170818T043659_002347_N02.05,2017-08-18 19:21:54.084,2017-08-18 04:36:59.027,2017-08-18 04:36:59.027,2347,33,94.7191,none,none,none,none,none,none,none,S2B_MSIL1C_20170818T043659_N0205_R033_T45QXG_20170818T044345.SAFE,SAFE,S2B_MSIL1C_20170818T043659_N0205_R033_T45QXG_20170818T044345,MSI,Multi-Spectral Instrument,2015-000A,Sentinel-2B,02.05,Level-1C,S2B_OPER_MSI_L1C_TL_SGS__20170818T100716_A002347_T45QXG_N02.05,S2MSI1C,Sentinel-2,642.55 MB,54606f9c-3eaa-4eee-a55c-db7d89346af7
32,https://scihub.copernicus.eu/dhus/odata/v1/Products('5cd50f77-5c32-41b6-802d-f27d12ef8a93')/$value,90.0148,24.5912,"{'type': 'FeatureCollection', 'features': [{'type': 'Feature', 'properties': {}, 'geometry': {'type': 'Polygon', 'coordinates': [[[89.0148, 23.5912], [91.0148, 23.5912], [91.0148, 25.5912], [89.0148, 25.5912], [89.0148, 23.5912]]]}}]}","[[[90.066926, 24.921386], [90.05562, 24.878837], [90.016469, 24.731094], [89.977397, 24.583233], [89.938344, 24.43531], [89.901822, 24.296901], [88.970488, 24.312307], [88.986224, 25.303353], [90.075856, 25.284643], [90.066926, 24.921386]]]","POLYGON ((90.06692592953452 24.921385676726555,90.05562016601077 24.87883697153447,90.01646900104232 24.73109370149519,89.9773974392906 24.583233243811662,89.93834425069753 24.435309644907367,89.90182231240729 24.296900985934315,88.97048750044709 24.312306990641723,88.98622425920792 25.30335256340754,90.07585601103352 25.284642857885515,90.06692592953452 24.921385676726555))",5cd50f77-5c32-41b6-802d-f27d12ef8a93,S2B_MSIL1C_20170818T043659_N0205_R033_T45RYH_20170818T044345,https://scihub.copernicus.eu/dhus/odata/v1/Products('5cd50f77-5c32-41b6-802d-f27d12ef8a93')/,https://scihub.copernicus.eu/dhus/odata/v1/Products('5cd50f77-5c32-41b6-802d-f27d12ef8a93')/Products('Quicklook')/$value,"Date: 2017-08-18T04:36:59.027Z, Instrument: MSI, Satellite: Sentinel-2, Size: 517.58 MB",false,GS2B_20170818T043659_002347_N02.05,2017-08-18 19:20:00.217,2017-08-18 04:36:59.027,2017-08-18 04:36:59.027,2347,33,100.0,none,none,none,none,none,none,none,S2B_MSIL1C_20170818T043659_N0205_R033_T45RYH_20170818T044345.SAFE,SAFE,S2B_MSIL1C_20170818T043659_N0205_R033_T45RYH_20170818T044345,MSI,Multi-Spectral Instrument,2015-000A,Sentinel-2B,02.05,Level-1C,S2B_OPER_MSI_L1C_TL_SGS__20170818T100716_A002347_T45RYH_N02.05,S2MSI1C,Sentinel-2,517.58 MB,5cd50f77-5c32-41b6-802d-f27d12ef8a93
33,https://scihub.copernicus.eu/dhus/odata/v1/Products('fa50f34f-39e0-4224-8bdc-179cfc18829c')/$value,90.0148,24.5912,"{'type': 'FeatureCollection', 'features': [{'type': 'Feature', 'properties': {}, 'geometry': {'type': 'Polygon', 'coordinates': [[[89.0148, 23.5912], [91.0148, 23.5912], [91.0148, 25.5912], [89.0148, 25.5912], [89.0148, 23.5912]]]}}]}","[[[89.925007, 24.384766], [89.899304, 24.287358], [89.860351, 24.139411], [89.821476, 23.991414], [89.782759, 23.843455], [89.744134, 23.69552], [89.708005, 23.556838], [89.70567, 23.547889], [89.667206, 23.399998], [89.666709, 23.398082], [88.956871, 23.409414], [88.971855, 24.400586], [89.925007, 24.384766]]]","POLYGON ((89.92500718738906 24.384765639479888,89.8993041514486 24.287357810032727,89.86035065387117 24.139410564525623,89.82147629492852 23.991413911358627,89.78275911437184 23.84345531467908,89.7441338854795 23.69552037663088,89.70800528751823 23.55683840367581,89.70566999587999 23.547888572396367,89.6672060874563 23.39999829831056,89.6667090978762 23.398082103674014,88.95687107345962 23.409414304198986,88.971855309855 24.40058612922519,89.92500718738906 24.384765639479888))",fa50f34f-39e0-4224-8bdc-179cfc18829c,S2B_MSIL1C_20170818T043659_N0205_R033_T45QYG_20170818T044345,https://scihub.copernicus.eu/dhus/odata/v1/Products('fa50f34f-39e0-4224-8bdc-179cfc18829c')/,https://scihub.copernicus.eu/dhus/odata/v1/Products('fa50f34f-39e0-4224-8bdc-179cfc18829c')/Products('Quicklook')/$value,"Date: 2017-08-18T04:36:59.027Z, Instrument: MSI, Satellite: Sentinel-2, Size: 454.24 MB",false,GS2B_20170818T043659_002347_N02.05,2017-08-18 19:19:08.761,2017-08-18 04:36:59.027,2017-08-18 04:36:59.027,2347,33,99.2702,none,none,none,none,none,none,none,S2B_MSIL1C_20170818T043659_N0205_R033_T45QYG_20170818T044345.SAFE,SAFE,S2B_MSIL1C_20170818T043659_N0205_R033_T45QYG_20170818T044345,MSI,Multi-Spectral Instrument,2015-000A,Sentinel-2B,02.05,Level-1C,S2B_OPER_MSI_L1C_TL_SGS__20170818T100716_A002347_T45QYG_N02.05,S2MSI1C,Sentinel-2,454.24 MB,fa50f34f-39e0-4224-8bdc-179cfc18829c
